date,end_of_day,vol
2022-01-01,178.88879762342907,
2022-01-02,176.32149989503122,
2022-01-03,170.57083886740085,
2022-01-04,168.0394848714517,
2022-01-05,155.71670664692078,
2022-01-06,150.72362465772903,
2022-01-07,136.6133086353095,
2022-01-08,142.37691491093904,
2022-01-09,140.97069019412947,
2022-01-10,135.98215275078118,
2022-01-11,140.2633692449685,
2022-01-12,151.92225384391546,
2022-01-13,146.8991625118502,
2022-01-14,146.31283636345285,
2022-01-15,147.70351003866236,
2022-01-16,147.94236767494985,
2022-01-17,140.0483723855377,
2022-01-18,141.634144063378,
2022-01-19,135.5936205367398,
2022-01-20,128.56948450207307,
2022-01-21,111.77542786353777,
2022-01-22,94.51541078123918,
2022-01-23,99.69162217459098,
2022-01-24,91.91541131637003,
2022-01-25,95.09282864333939,
2022-01-26,92.24801292004712,
2022-01-27,89.60158614183815,
2022-01-28,91.42580267920562,
2022-01-29,96.17869128153504,
2022-01-30,93.40252902879779,
2022-01-31,99.88984753621435,
2022-02-01,110.12732330616494,
2022-02-02,101.8292164519742,
2022-02-03,100.87832034717168,
2022-02-04,112.48079518340074,
2022-02-05,114.33315412383556,
2022-02-06,115.2834781341491,
2022-02-07,117.67187313780884,
2022-02-08,113.69745549618692,
2022-02-09,114.34358742446604,
2022-02-10,106.41810262178213,
2022-02-11,96.46324431285534,
2022-02-12,95.70003429059713,
2022-02-13,93.36714504855237,
2022-02-14,96.44224243421378,
2022-02-15,104.85069673096622,
2022-02-16,101.95613259465958,
2022-02-17,93.4045235835354,
2022-02-18,90.10899056118771,
2022-02-19,91.60559213966147,
2022-02-20,90.80316641928688,
2022-02-21,83.14387140523519,
2022-02-22,86.57269722666857,
2022-02-23,85.26903088293193,
2022-02-24,89.05132726925892,
2022-02-25,92.73641556746163,
2022-02-26,90.10798522206623,
2022-02-27,85.56819666616444,
2022-02-28,99.57917400308274,
2022-03-01,98.75845247572444,
2022-03-02,100.78986523175992,
2022-03-03,95.55882629437178,
2022-03-04,88.2451628518882,
2022-03-05,89.78895188514215,
2022-03-06,84.63923583859497,
2022-03-07,82.06724918865827,
2022-03-08,82.25360674455618,
2022-03-09,88.185052838507,
2022-03-10,83.02500801904657,
2022-03-11,80.69121367419427,
2022-03-12,81.60999773356421,
2022-03-13,78.99818199674436,
2022-03-14,81.16870194524185,
2022-03-15,82.94439063872372,
2022-03-16,87.84993508447106,
2022-03-17,87.96768776096062,
2022-03-18,89.90595375292516,
2022-03-19,92.40408532356939,
2022-03-20,88.59618802144291,
2022-03-21,88.7701729513472,
2022-03-22,90.50413587116581,
2022-03-23,94.9197584526827,
2022-03-24,102.1802283204168,
2022-03-25,98.6467426834056,
2022-03-26,101.64121040495988,
2022-03-27,106.90984972476438,
2022-03-28,106.24001892236811,
2022-03-29,111.74644646494659,
2022-03-30,120.6985421756732,
2022-03-31,122.76130420785864,
2022-04-01,134.3709278834371,
2022-04-02,132.265543980239,
2022-04-03,136.6745408370863,
2022-04-04,132.34498367671756,
2022-04-05,126.60568047767862,
2022-04-06,112.52902554657368,
2022-04-07,118.68839511414586,
2022-04-08,109.69148769667358,
2022-04-09,113.00645605235755,
2022-04-10,112.17415972141916,
2022-04-11,99.4525253186753,
2022-04-12,103.5030349870942,
2022-04-13,104.84447690095557,
2022-04-14,100.73923844736916,
2022-04-15,101.34727865599696,
2022-04-16,102.31192588830538,
2022-04-17,100.4425980848116,
2022-04-18,102.2653514381208,
2022-04-19,108.54104696942882,
2022-04-20,105.5952606987279,
2022-04-21,101.80288174581625,
2022-04-22,100.63914018210745,
2022-04-23,100.76479327231522,
2022-04-24,99.17128671058997,
2022-04-25,101.29344264300205,
2022-04-26,95.71302246920415,
2022-04-27,98.3678448915887,
2022-04-28,98.00485093884978,
2022-04-29,94.09484079716263,
2022-04-30,85.30298356157343,
2022-05-01,89.73834617404604,
2022-05-02,87.6049851260926,
2022-05-03,85.88113182978256,
2022-05-04,92.82061835080546,
2022-05-05,84.62182696838384,
2022-05-06,81.76031251495388,
2022-05-07,79.1909801214645,
2022-05-08,74.92241129843457,
2022-05-09,63.59080375212239,
2022-05-10,66.73197492092409,
2022-05-11,50.32055764767889,
2022-05-12,44.64907159879217,
2022-05-13,48.604749742620285,
2022-05-14,52.53693016663614,
2022-05-15,58.845207179976505,
2022-05-16,53.64872755824407,
2022-05-17,57.41976646466422,
2022-05-18,49.76196637946705,
2022-05-19,52.332264069475926,
2022-05-20,49.58463231269403,
2022-05-21,50.34352259407359,
2022-05-22,52.767400507738245,
2022-05-23,49.12044024307904,
2022-05-24,49.636798974862586,
2022-05-25,48.056134850350986,
2022-05-26,43.546922400599904,
2022-05-27,40.99753816385139,
2022-05-28,44.46481243620848,
2022-05-29,44.92918554220565,
2022-05-30,47.19388053427913,
2022-05-31,45.97177874707522,
2022-06-01,40.24040840767166,
2022-06-02,40.889861237118055,
2022-06-03,38.27578860880165,
2022-06-04,38.977511864594476,
2022-06-05,38.46322506754232,
2022-06-06,42.41060097547512,
2022-06-07,39.54988117863195,
2022-06-08,38.84247541383652,
2022-06-09,39.968293957459224,
2022-06-10,37.08479689474987,
2022-06-11,33.807388422050096,
2022-06-12,30.743227017287673,
2022-06-13,28.19296638841233,
2022-06-14,29.71678758953202,
2022-06-15,34.488080805614366,
2022-06-16,30.07068349379034,
2022-06-17,30.872720498925386,
2022-06-18,31.81920871210764,
2022-06-19,34.19205503380821,
2022-06-20,35.469042360178356,
2022-06-21,36.13937945011591,
2022-06-22,34.23012589505999,
2022-06-23,38.21182318782288,
2022-06-24,42.477220280035226,
2022-06-25,42.386373142046885,
2022-06-26,39.498441762282916,
2022-06-27,38.50106935796682,
2022-06-28,35.326033591585926,
2022-06-29,33.91501146159494,
2022-06-30,33.31459552878431,
2022-07-01,33.03847781026744,
2022-07-02,33.42207503046209,
2022-07-03,33.44782701859301,
2022-07-04,36.77949394045729,
2022-07-05,35.32196887460825,
2022-07-06,37.09265792987144,
2022-07-07,38.546664352464504,
2022-07-08,38.594429443195615,
2022-07-09,38.06013313228005,
2022-07-10,36.72673590110457,
2022-07-11,33.50915025006571,
2022-07-12,32.81893154431144,
2022-07-13,34.94649867641145,
2022-07-14,37.17597728466076,
2022-07-15,37.44045111321192,
2022-07-16,39.60146830743091,
2022-07-17,38.62422664809307,
2022-07-18,43.68127821391667,
2022-07-19,44.92662577061741,
2022-07-20,42.19129439126226,
2022-07-21,43.18589352726285,
2022-07-22,40.57509235571396,
2022-07-23,40.12586568362252,
2022-07-24,40.98522629187172,
2022-07-25,36.70021199705349,
2022-07-26,36.2281816493087,
2022-07-27,40.29544931385727,
2022-07-28,42.831212766381604,
2022-07-29,42.13988872458668,
2022-07-30,43.80347390626749,
2022-07-31,42.48000309195332,
2022-08-01,41.70142770548663,
2022-08-02,40.21202813817764,
2022-08-03,38.634063074873644,
2022-08-04,38.94463727964988,
2022-08-05,40.496917469507096,
2022-08-06,40.17551021431985,
2022-08-07,40.646219845232366,
2022-08-08,42.156823142394586,
2022-08-09,40.49015736455393,
2022-08-10,42.295780396654315,
2022-08-11,42.75287041576665,
2022-08-12,45.34052505434913,
2022-08-13,46.62762818566225,
2022-08-14,44.97769928373126,
2022-08-15,43.902581229420576,
2022-08-16,43.25208387360771,
2022-08-17,40.5562855378095,
2022-08-18,39.618894866249,
2022-08-19,35.98979542858258,
2022-08-20,35.23183017005089,
2022-08-21,36.53272408478192,
2022-08-22,35.48979518227352,
2022-08-23,35.705064719424506,
2022-08-24,34.98161284031775,
2022-08-25,35.34736653928148,
2022-08-26,31.78642232940313,
2022-08-27,31.639231915430067,
2022-08-28,30.630708245633155,
2022-08-29,32.4676226051912,
2022-08-30,31.460462070253442,
2022-08-31,31.453501865317026,
2022-09-01,31.62752044554708,
2022-09-02,31.196467701402543,
2022-09-03,31.076260104837697,
2022-09-04,32.14492440492364,
2022-09-05,32.21580982933859,
2022-09-06,30.932571057846985,
2022-09-07,32.75240078147267,
2022-09-08,33.60651304711081,
2022-09-09,34.707446929384965,
2022-09-10,35.15110408808845,
2022-09-11,34.90471667494537,
2022-09-12,37.344616214599014,
2022-09-13,33.05973266575832,
2022-09-14,34.071010519185705,
2022-09-15,33.064248381166855,
2022-09-16,32.18223307870709,
2022-09-17,33.76184563714559,
2022-09-18,31.08875046830983,
2022-09-19,32.71343099163381,
2022-09-20,31.405493503670975,
2022-09-21,30.825149460297027,
2022-09-22,32.46791740152261,
2022-09-23,33.71195119466151,
2022-09-24,33.5038789488122,
2022-09-25,32.32786924066603,
2022-09-26,33.85239531271168,
2022-09-27,32.76612155979491,
2022-09-28,33.303299964397056,
2022-09-29,33.93599567295436,
2022-09-30,33.24966351604033,
2022-10-01,32.45579081734204,
2022-10-02,32.09702548893108,
2022-10-03,32.9839333048039,
2022-10-04,34.12979146381925,
2022-10-05,34.09322257643218,
2022-10-06,33.33775389191098,
2022-10-07,32.91839237624644,
2022-10-08,32.60000089346164,
2022-10-09,32.90519327468117,
2022-10-10,31.96971297778321,
2022-10-11,30.78828821701152,
2022-10-12,31.141224150324152,
2022-10-13,30.58269363666032,
2022-10-14,30.03589921524538,
2022-10-15,29.576743642363166,
2022-10-16,30.166911022944717,
2022-10-17,31.244752367609617,
2022-10-18,30.20117255023985,
2022-10-19,28.896837887443453,
2022-10-20,28.066217683059563,
2022-10-21,28.106224235014817,
2022-10-22,28.023343879724933,
2022-10-23,29.236688692602588,
2022-10-24,28.27000912814364,
2022-10-25,30.94126246793174,
2022-10-26,31.282585848386002,
2022-10-27,30.645340017734377,
2022-10-28,32.11387302905561,
2022-10-29,32.83944699956292,
2022-10-30,32.90718815746148,
2022-10-31,32.601269385086546,
2022-11-01,32.241011165572196,
2022-11-02,30.788368557204965,
2022-11-03,30.826600438059216,
2022-11-04,33.78843206020886,
2022-11-05,36.718402105659706,
2022-11-06,32.77319825330046,
2022-11-07,29.549317195242182,
2022-11-08,24.228110657252586,
2022-11-09,14.004070064665834,
2022-11-10,17.835598021542133,
2022-11-11,16.62539193943823,
2022-11-12,14.705480178123391,
2022-11-13,13.252557222481085,
2022-11-14,14.096615435025512,
2022-11-15,14.355239175466979,
2022-11-16,14.355619333262617,
2022-11-17,13.6648684030464,
2022-11-18,13.297631137033255,
2022-11-19,12.884681620446196,
2022-11-20,12.34545378191367,
2022-11-21,11.918134100426501,
2022-11-22,12.43518958219904,
2022-11-23,14.41547582162108,
2022-11-24,14.592503903295015,
2022-11-25,14.075605372227663,
2022-11-26,14.165189223351776,
2022-11-27,14.106428306970507,
2022-11-28,13.343102977299333,
2022-11-29,13.374085329507322,
2022-11-30,14.147104839194206,
2022-12-01,13.509181414049966,
2022-12-02,13.765463207102767,
2022-12-03,13.334397065233695,
2022-12-04,13.77680995818705,
2022-12-05,13.873608444994208,
2022-12-06,14.297707876898496,
2022-12-07,13.536826034301907,
2022-12-08,13.693154351693547,
2022-12-09,13.612942245486757,
2022-12-10,13.585881060448473,
2022-12-11,13.43947528747435,
2022-12-12,13.323956780887805,
2022-12-13,13.828059313467737,
2022-12-14,14.149132608950133,
2022-12-15,13.99445500184834,
2022-12-16,12.272262832879411,
2022-12-17,12.525815065018055,
2022-12-18,12.416580463138258,
2022-12-19,11.935662354331416,
2022-12-20,12.280549822837152,
2022-12-21,12.119428779139206,
2022-12-22,11.794712289114807,
2022-12-23,11.800554937016997,
2022-12-24,11.470319693968511,
2022-12-25,11.400966653702737,
2022-12-26,11.301306466517868,
2022-12-27,11.080348903525167,
2022-12-28,9.770824845767208,
2022-12-29,9.597795220448539,
2022-12-30,9.888231243760044,
2022-12-31,9.961462943297743,
2023-01-01,9.973949402565085,1.1707058747015684
2023-01-02,11.266377430112355,1.178485158929714
2023-01-03,13.35539239265287,1.1935283395087508
2023-01-04,13.456292702243212,1.1935514577036332
2023-01-05,13.4384801751579,1.1915784537605778
2023-01-06,13.52449342211224,1.1913116445139114
2023-01-07,13.088904148424348,1.1882861137287668
2023-01-08,14.366071146091024,1.1917480136586431
2023-01-09,16.302299779948743,1.199811103423896
2023-01-10,16.203193608411635,1.1993958183982052
2023-01-11,16.463404027248835,1.1990407002370944
2023-01-12,16.615747688335087,1.195943477466974
2023-01-13,18.279734593696567,1.2001072205840841
2023-01-14,24.302862020252288,1.2454816641065358
2023-01-15,22.837523286781188,1.2467506024607
2023-01-16,23.58595194500377,1.2472529157249452
2023-01-17,22.88158744195828,1.2465192389643374
2023-01-18,20.85763434507722,1.249379732657349
2023-01-19,21.414560030848286,1.2490988176214255
2023-01-20,25.575834872318875,1.2635871640368324
2023-01-21,24.66528659481628,1.2574580888527152
2023-01-22,24.271834895555187,1.2482067979232816
2023-01-23,24.42662802224712,1.246956168483064
2023-01-24,22.789340075999174,1.246330519826625
2023-01-25,24.66040314512689,1.2486188870160602
2023-01-26,24.36322901881959,1.248338830508387
2023-01-27,24.413747574727985,1.2480445568003942
2023-01-28,23.986175814200923,1.2479583759460238
2023-01-29,26.177676356517786,1.2502686773382459
2023-01-30,23.963335339722715,1.2527375963650402
2023-01-31,23.961391317370346,1.2507161464078134
2023-02-01,24.983305840269857,1.2471442425702053
2023-02-02,24.31948995599126,1.245214402652426
2023-02-03,24.68649699930336,1.2453042971445574
2023-02-04,24.352020663436914,1.2398503204390374
2023-02-05,23.513631913468004,1.2401342328794842
2023-02-06,22.716952472159907,1.2404949848328943
2023-02-07,23.90420986102095,1.241481789213616
2023-02-08,23.20655514024452,1.2413731367728413
2023-02-09,20.437682981228342,1.2468614407031395
2023-02-10,20.123843926968277,1.2451289480153878
2023-02-11,20.84493733301781,1.2423469751052596
2023-02-12,21.44076791086341,1.2427090779673038
2023-02-13,20.784744709901553,1.2428374050312878
2023-02-14,21.845218317851522,1.2434775388743253
2023-02-15,23.889195936602945,1.2439520239016446
2023-02-16,22.34460084623935,1.2452720749374746
2023-02-17,23.193970760954844,1.2431955942888087
2023-02-18,23.45134176118436,1.2428015950711382
2023-02-19,24.810534025961243,1.2440928986012012
2023-02-20,26.03500765229307,1.2451043335122356
2023-02-21,24.92100975933338,1.2430139152681574
2023-02-22,24.17008033584799,1.2426244179992736
2023-02-23,23.92438702728231,1.2425797535399214
2023-02-24,23.05835270436486,1.2422231932192034
2023-02-25,22.410354409005556,1.241760374154358
2023-02-26,23.2309130687567,1.2420620959602018
2023-02-27,22.693578143913324,1.2412859828210554
2023-02-28,21.915750684020768,1.23060943376738
2023-03-01,22.505797650327754,1.2309328405387432
2023-03-02,21.97401655702821,1.2309173532733415
2023-03-03,21.406769225209032,1.2301335340045887
2023-03-04,20.955534666423198,1.2280099919079008
2023-03-05,21.002570684743905,1.2278644501317886
2023-03-06,20.630964332653576,1.2267063525018986
2023-03-07,20.272742155068944,1.2264703682028484
2023-03-08,18.427916426509864,1.2297102814724301
2023-03-09,17.333062116446644,1.2288005307740217
2023-03-10,18.212698187615544,1.2286469908234383
2023-03-11,18.068481612784193,1.228382794385549
2023-03-12,20.33815687662464,1.2349206162424147
2023-03-13,20.37708065182474,1.2345501700270674
2023-03-14,20.979934755407683,1.234601699370911
2023-03-15,19.336400031117087,1.2367608315633554
2023-03-16,19.83281185840033,1.2355588405240865
2023-03-17,21.644627640065494,1.2390702025204527
2023-03-18,21.3174625685989,1.2389146533990762
2023-03-19,22.022111232219224,1.2390518730511697
2023-03-20,22.322024083945994,1.2385139955360784
2023-03-21,22.74020634944038,1.2386759219192258
2023-03-22,21.578068068860432,1.2394839226009975
2023-03-23,22.306155317675998,1.2389599445297224
2023-03-24,20.77377095038958,1.2382682546500494
2023-03-25,20.593698856407208,1.237859567645512
2023-03-26,20.982289382374262,1.237610700459122
2023-03-27,19.9575402149083,1.2373020018349783
2023-03-28,20.499340517704876,1.2376490740359782
2023-03-29,21.13233391276909,1.2369067951644586
2023-03-30,20.574404775975303,1.234366419803402
2023-03-31,21.205401851519337,1.234659168429195
2023-04-01,21.083500216310668,1.2308081182496766
2023-04-02,20.565439368841062,1.230932796332474
2023-04-03,20.436690295056867,1.230399363757007
2023-04-04,20.92110064061127,1.230353703940935
2023-04-05,20.982374355205106,1.2296976855694677
2023-04-06,20.609002527101183,1.2249788857520423
2023-04-07,20.483785300410602,1.223637564402212
2023-04-08,20.042581304598304,1.2215875893951476
2023-04-09,20.30433669084828,1.2212466587915387
2023-04-10,20.875123146348265,1.2216225688863411
2023-04-11,23.005654690114106,1.2210061101077379
2023-04-12,23.830532666421693,1.2208452615537866
2023-04-13,24.42771024521707,1.2210529513227597
2023-04-14,24.77371399717611,1.2205846146676036
2023-04-15,24.076086968961334,1.220845469590251
2023-04-16,25.295764682293626,1.221921417363848
2023-04-17,24.582472271741043,1.2220966471312198
2023-04-18,24.828831956308186,1.22199108596705
2023-04-19,22.66921834829298,1.2233104507035564
2023-04-20,22.17878507364592,1.2232101302854645
2023-04-21,21.256329975789992,1.2233804379628717
2023-04-22,21.85149833032492,1.2237163949390575
2023-04-23,21.49927294670662,1.2237925788185289
2023-04-24,21.388123623341926,1.2237193070803494
2023-04-25,21.93961247225034,1.2238115325713685
2023-04-26,21.25624752923348,1.2230051670624422
2023-04-27,22.337864023679735,1.2237883179186815
2023-04-28,23.374818189016118,1.2247418791290556
2023-04-29,23.12840167422879,1.2241778996637753
2023-04-30,22.998321615708303,1.220725310009654
2023-05-01,22.00748575266789,1.220251642010684
2023-05-02,22.262824662378538,1.220123839181873
2023-05-03,22.21964186016809,1.2199898311086714
2023-05-04,21.741800973800856,1.2173480920267037
2023-05-05,22.81860623219127,1.2153345159597913
2023-05-06,21.986706406341238,1.2154078327682805
2023-05-07,22.002452285817817,1.2150392750893269
2023-05-08,20.65668464098513,1.2153755130924566
2023-05-09,20.656981167558687,1.2060563745524895
2023-05-10,20.975704627626367,1.2051105141955103
2023-05-11,20.25440267119237,1.1803297194897615
2023-05-12,20.920162303818756,1.1754238458375887
2023-05-13,20.899582667518416,1.172051808059241
2023-05-14,20.936961536705592,1.1692169439896314
2023-05-15,21.037748291765592,1.1629531350161273
2023-05-16,20.686212717829434,1.1597573864841937
2023-05-17,21.058205359893172,1.1577238019685152
2023-05-18,20.34519578780548,1.1505577316813596
2023-05-19,20.351526847180452,1.1493651772819131
2023-05-20,20.269684813481774,1.1481970992982606
2023-05-21,19.630800782887565,1.1485016504320007
2023-05-22,19.558762789709252,1.147459187980907
2023-05-23,20.04690938871374,1.1457033474113787
2023-05-24,19.214323127332815,1.1463787341051346
2023-05-25,19.25614469626469,1.1459581347580061
2023-05-26,19.36699951306376,1.142159552493793
2023-05-27,20.405231600621736,1.1419392002169257
2023-05-28,20.815122816700484,1.138962808662894
2023-05-29,20.57365784393182,1.1389685410361474
2023-05-30,21.24838739611184,1.1383181493242376
2023-05-31,20.82042686685682,1.1382032538843356
2023-06-01,20.512888560566594,1.1314516194245643
2023-06-02,21.257126169627412,1.1319197071187395
2023-06-03,21.148206267732874,1.13011485431746
2023-06-04,21.869750120036684,1.1304794100087077
2023-06-05,20.082497255511015,1.1333678526043796
2023-06-06,20.399316366367188,1.1288024477676493
2023-06-07,18.64940911323256,1.1300454738413723
2023-06-08,18.91886786249937,1.1300023719798276
2023-06-09,17.319852048307002,1.1327627818743276
2023-06-10,15.712291030595962,1.134261723162751
2023-06-11,15.552165715300829,1.1308801424019579
2023-06-12,15.219121441698295,1.127450391767995
2023-06-13,14.996084137168715,1.1244844968301029
2023-06-14,14.511891316589251,1.1236412713878363
2023-06-15,14.741774826096673,1.1121420622743905
2023-06-16,15.305652843805758,1.1054385851023105
2023-06-17,15.626354272653252,1.1053143584872638
2023-06-18,15.434485233897272,1.104948520464117
2023-06-19,16.038762253116875,1.1031092347995286
2023-06-20,16.625143403026637,1.1030825337375942
2023-06-21,17.263202092310653,1.1035954408828181
2023-06-22,16.645392580230443,1.1029134642260736
2023-06-23,17.100927585909893,1.0970566819264196
2023-06-24,16.63062758389679,1.0916061539406023
2023-06-25,16.96011970924781,1.0918015368102956
2023-06-26,16.284012804480415,1.0904190526000042
2023-06-27,16.60408750457774,1.0903317905731553
2023-06-28,15.996424735598712,1.0878412707283531
2023-06-29,17.998439800632905,1.094346909138734
2023-06-30,18.93035984897103,1.0954278654987522
2023-07-01,18.612769704794168,1.09552628169665
2023-07-02,19.44673332510388,1.096377945202223
2023-07-03,19.20521438307814,1.096450558393028
2023-07-04,19.218958872995298,1.091908218540478
2023-07-05,18.972151107472232,1.0912640641286668
2023-07-06,19.919047781939852,1.0912539414753488
2023-07-07,21.43877643006556,1.0932196118859439
2023-07-08,21.896701111607186,1.093426136115059
2023-07-09,21.351397376477994,1.0936238339351283
2023-07-10,21.302647128052204,1.0930588799870151
2023-07-11,22.068233989934726,1.0900854275132157
2023-07-12,21.997627799970363,1.0898860594458315
2023-07-13,25.990368470421153,1.102950454006752
2023-07-14,26.708371434451514,1.1014742380956393
2023-07-15,27.351375942539022,1.1017022692457432
2023-07-16,27.365079998210923,1.100225364233088
2023-07-17,26.861798043195297,1.1000979862800349
2023-07-18,25.526176388954614,1.0934678996082985
2023-07-19,26.353311684653363,1.0935758584972426
2023-07-20,25.3350693194684,1.092555126045899
2023-07-21,25.58950999514426,1.092349687276348
2023-07-22,24.45678468463933,1.0915672281853752
2023-07-23,24.773703505475776,1.091580870479885
2023-07-24,23.422633571179617,1.0927533995982646
2023-07-25,23.267716629540782,1.0877211147156407
2023-07-26,25.1519878372353,1.0906165747241106
2023-07-27,25.093488053679394,1.0848642284058603
2023-07-28,24.825803970620775,1.0831029654355748
2023-07-29,25.16504796989767,1.0830632637874342
2023-07-30,24.266784359176683,1.0829412757707275
2023-07-31,23.75665877952372,1.082722795333092
2023-08-01,23.92554655853081,1.0825883807513488
2023-08-02,23.134812664080517,1.0825031409143322
2023-08-03,22.654451935469393,1.0819866974504986
2023-08-04,22.809920321126338,1.0819787789797368
2023-08-05,22.62509186558245,1.081278109408923
2023-08-06,23.16031151415157,1.081505511828165
2023-08-07,23.05200017950495,1.0814538057759067
2023-08-08,24.203816824917432,1.0819694470251042
2023-08-09,24.384610250755937,1.081262291745182
2023-08-10,24.61887321060917,1.0803894824297837
2023-08-11,24.57980986376842,1.0803381371313683
2023-08-12,24.891819066984105,1.0787144053619449
2023-08-13,24.223294007901522,1.078671152894303
2023-08-14,25.14772487652887,1.0787696614860005
2023-08-15,23.875641318375827,1.0796932477479213
2023-08-16,22.846367700285874,1.080452379476257
2023-08-17,21.646961802699884,1.0799293389205595
2023-08-18,21.330196240480664,1.0797812191428477
2023-08-19,21.878330239316607,1.076173952944919
2023-08-20,21.747537100837746,1.0759798638515805
2023-08-21,21.20210914644501,1.0756506835149973
2023-08-22,20.55389205635584,1.0757067582006148
2023-08-23,21.672558527450196,1.0770603022246465
2023-08-24,21.02615201908747,1.077285546646435
2023-08-25,20.392834533596297,1.077663871521182
2023-08-26,20.27381527104058,1.0729246223797388
2023-08-27,20.781187138711672,1.073195281070247
2023-08-28,20.562540137575354,1.0727622279981808
2023-08-29,21.756889820182593,1.0726590983088913
2023-08-30,20.840938892992455,1.0730429565959367
2023-08-31,19.73118602186944,1.0743878528843553
2023-09-01,19.339387541129707,1.074565015771855
2023-09-02,19.46854293968664,1.0744933204874607
2023-09-03,19.57639006334943,1.0744976557789576
2023-09-04,19.491905828235154,1.07396555538766
2023-09-05,20.270462383722805,1.0746970209177107
2023-09-06,19.625034431663497,1.0744270054399951
2023-09-07,19.887886504760793,1.0729079934307202
2023-09-08,19.59598499714458,1.0726984821296741
2023-09-09,19.440479779530477,1.0722295888143243
2023-09-10,18.241559982955604,1.0739254852615785
2023-09-11,17.705129864271623,1.074301994103591
2023-09-12,17.94444618355289,1.0720882911717307
2023-09-13,18.403573351427394,1.066247295156343
2023-09-14,18.829900592345915,1.0660595378950788
2023-09-15,19.17312182700796,1.0658031964598058
2023-09-16,19.126902793634855,1.06546789854595
2023-09-17,18.803112818374224,1.0644738448932247
2023-09-18,19.64014703071697,1.0624336430434922
2023-09-19,20.04209873431388,1.0613506177291994
2023-09-20,20.287247895504184,1.0606502835025204
2023-09-21,19.470117691401224,1.061262961142083
2023-09-22,19.437726515592722,1.0599348324256388
2023-09-23,19.47116415036064,1.0592460039322342
2023-09-24,19.351752066049695,1.0592457721524713
2023-09-25,19.394881050820743,1.0586602179477778
2023-09-26,19.01708701773738,1.0577919673031744
2023-09-27,19.12786529422154,1.0573181058592187
2023-09-28,19.94620329719107,1.0580548827000857
2023-09-29,20.294161364007895,1.0580283140976288
2023-09-30,21.387052432956956,1.0591890840201441
2023-10-01,23.88149631052896,1.0652658365388918
2023-10-02,23.40994675528492,1.065397920486092
2023-10-03,23.546636568867523,1.0650690397798048
2023-10-04,23.14279023721254,1.0646687817924323
2023-10-05,22.719916973389385,1.064833696756272
2023-10-06,23.43163795467068,1.0650364147134204
2023-10-07,23.293820293560618,1.06497416794862
2023-10-08,23.24916669447795,1.0649270321506505
2023-10-09,22.11144636191878,1.066045088791276
2023-10-10,22.10708097425926,1.065650302497766
2023-10-11,21.96097231022005,1.065010152020848
2023-10-12,21.26544011226295,1.0654453006243072
2023-10-13,21.826473760164795,1.0655958260492018
2023-10-14,22.00456614346382,1.0654593205785863
2023-10-15,21.916231700248684,1.0653488482954518
2023-10-16,23.981381940492962,1.0692714924045372
2023-10-17,23.971056117737877,1.068704429541593
2023-10-18,23.434057784969053,1.0684072104515987
2023-10-19,24.942676655920565,1.0693694092067796
2023-10-20,27.034557905425466,1.072132539900535
2023-10-21,29.355573342373983,1.0754446173729895
2023-10-22,29.02138704288216,1.0755146243538272
2023-10-23,31.736583271682292,1.0786326802237467
2023-10-24,30.133994925651603,1.079339320210328
2023-10-25,32.405323087903845,1.0778616543863762
2023-10-26,32.71431713179988,1.0778497900132271
2023-10-27,31.765434430978374,1.0780621001393211
2023-10-28,31.646807666480882,1.0770800449225868
2023-10-29,32.81601052032671,1.0774562063215427
2023-10-30,34.95699301421437,1.0793322993682402
2023-10-31,38.48164730744764,1.0838053742574263
2023-11-01,41.41420827516142,1.0862530369259107
2023-11-02,40.146033594069166,1.0857172204087662
2023-11-03,39.51759751315692,1.0858664997653589
2023-11-04,42.247239673022534,1.0838626380184109
2023-11-05,41.24303597170582,1.0808573960018149
2023-11-06,42.093540748889566,1.0754321080371525
2023-11-07,43.10992040160473,1.07089978688773
2023-11-08,43.24925747868605,1.0551083383728077
2023-11-09,45.358054333499396,0.9661725240165852
2023-11-10,56.672751743013606,0.9597068710614473
2023-11-11,56.46969150990378,0.9570048761836206
2023-11-12,55.96301542172404,0.9495070499117304
2023-11-13,52.21016126845803,0.9465587436809539
2023-11-14,56.84724399563444,0.9484543703655418
2023-11-15,65.42118249740835,0.9595116848910196
2023-11-16,57.85936549623421,0.9670914029878361
2023-11-17,58.08749906248073,0.9656219401953373
2023-11-18,58.43785104837524,0.9650869176861139
2023-11-19,61.4682208972665,0.9655185036086306
2023-11-20,56.387561224796215,0.9683832638431826
2023-11-21,52.03847144243665,0.9710739726615363
2023-11-22,57.63985489059395,0.9757172964707423
2023-11-23,56.6256819382833,0.9637179643571494
2023-11-24,56.87305815164875,0.9636902328357134
2023-11-25,58.81319665255164,0.9632781126342408
2023-11-26,57.65563041451083,0.963596882867704
2023-11-27,55.12228632634998,0.9647991683549139
2023-11-28,58.21650838026634,0.9643298095978369
2023-11-29,59.132384073791634,0.9643821208026687
2023-11-30,59.17998717985522,0.9629536449295059
2023-12-01,59.82358486245393,0.961651777896435
2023-12-02,63.54188841925499,0.9632360495419207
2023-12-03,63.0169956421846,0.9626303623491164
2023-12-04,61.55125929559973,0.9626559864012765
2023-12-05,60.9025608945616,0.9627849789088018
2023-12-06,62.23204453296526,0.9625943555691053
2023-12-07,67.69386460535054,0.9643309293452207
2023-12-08,74.84216401576747,0.9694819475869617
2023-12-09,72.42222406518073,0.9701649371347586
2023-12-10,74.42357981310117,0.9703781756621663
2023-12-11,70.20241559474354,0.9722555230606463
2023-12-12,68.52923871075102,0.9726006849543168
2023-12-13,70.73839652886984,0.9724315066731506
2023-12-14,75.65588800857071,0.9743673280570557
2023-12-15,72.61814382762158,0.9753094377489222
2023-12-16,73.3895965701486,0.966727300438566
2023-12-17,71.09304612532529,0.967340008088222
2023-12-18,74.34092711768113,0.9680402797446552
2023-12-19,72.61144991141754,0.9674447932630516
2023-12-20,82.09852590231738,0.9751618951857297
2023-12-21,93.93807648899407,0.9846405433269484
2023-12-22,98.07800224122698,0.984759919449208
2023-12-23,107.63981717421447,0.9888777603041689
2023-12-24,112.44835843501905,0.9889438414817313
2023-12-25,121.44659325631167,0.9914995164963966
2023-12-26,112.32551605046484,0.9948237812874283
2023-12-27,106.97705414292456,0.9959870190284785
2023-12-28,102.25382476175545,0.9893466850185308
2023-12-29,106.25256071597002,0.9895133400366991
2023-12-30,101.98883539812843,0.9904202032307237
2023-12-31,101.33317837845607,0.9905207904794664
2024-01-01,109.44408162860023,0.9931405414047036
2024-01-02,106.66317351273963,0.9861631279626875
2024-01-03,98.618625629318,0.9733718624087723
2024-01-04,104.8407815170403,0.9750022491666499
2024-01-05,99.79527781452578,0.9765192238646919
2024-01-06,93.67595830573333,0.9788888628621869
2024-01-07,88.92454619256625,0.9797988943053514
2024-01-08,97.65874169169724,0.979859119451297
2024-01-09,98.7515137293353,0.9713948051349711
2024-01-10,102.41348181114401,0.9718074661736533
2024-01-11,99.98590880200555,0.9722203236998244
2024-01-12,91.49974928746796,0.9764699669115964
2024-01-13,95.63334726603965,0.9726915834027274
2024-01-14,94.11863591050141,0.9171634125950434
2024-01-15,94.39674016420685,0.9148376447774532
2024-01-16,97.55676426862223,0.9148593435884615
2024-01-17,101.50125957317499,0.9148731791063173
2024-01-18,94.28013186654485,0.9132586276914555
2024-01-19,93.32520105608964,0.9131337412375852
2024-01-20,92.58976400255906,0.8933010214900464
2024-01-21,91.1623559089012,0.8926180443301173
2024-01-22,83.43623260957541,0.8968516018089804
2024-01-23,84.09771204633358,0.8968562650051656
2024-01-24,88.97403797468365,0.8955752368711979
2024-01-25,86.98335038241241,0.8926224884515498
2024-01-26,92.36475145633213,0.8943053737260139
2024-01-27,94.07418620571138,0.8944075310655761
2024-01-28,95.96656618849008,0.8942590568646888
2024-01-29,101.41999625662424,0.8915722187795238
2024-01-30,101.49112290376424,0.887067901603903
2024-01-31,96.93179951000184,0.8884583347062194
2024-02-01,97.79003124090778,0.8876604539570137
2024-02-02,100.46548063117393,0.8873877951283565
2024-02-03,97.76713809513306,0.8878981457039774
2024-02-04,95.47210966234701,0.8881595794907077
2024-02-05,95.66801933804179,0.8872926382449413
2024-02-06,96.91999534970711,0.8864768112660151
2024-02-07,100.8620197849941,0.8859331692724288
2024-02-08,102.90366855652807,0.885399447175116
2024-02-09,107.0340359221691,0.8772464348219047
2024-02-10,108.9914614336289,0.8770868142787954
2024-02-11,107.42381253614128,0.8767921778878341
2024-02-12,112.03681818642013,0.8772882507720514
2024-02-13,112.5991116485891,0.8765388020063252
2024-02-14,116.97610655690055,0.8759923854323116
2024-02-15,113.5993942511846,0.8722157550738416
2024-02-16,110.50155056850862,0.8700076715436863
2024-02-17,108.92851023151393,0.8696122643761033
2024-02-18,112.21541634982898,0.869950048554646
2024-02-19,111.27808859030418,0.8684515186558485
2024-02-20,108.56412084328196,0.8678160893486092
2024-02-21,105.34263381767492,0.8671919771994793
2024-02-22,102.0417796526056,0.8672415819074704
2024-02-23,100.09194937035414,0.8674439992218502
2024-02-24,104.18872590266118,0.867206006479621
2024-02-25,103.4386239643384,0.8666542707949089
2024-02-26,109.84509740259054,0.8679435882891436
2024-02-27,108.17696263039223,0.8677192927472464
2024-02-28,117.43028413751361,0.8705087614587519
2024-02-29,125.6818167628113,0.8726490188591867
2024-03-01,130.0470586239426,0.8726313363480507
2024-03-02,129.8816532496919,0.8720820034585326
2024-03-03,130.30611971907615,0.8716647308702781
2024-03-04,133.32371555063142,0.8718245347838071
2024-03-05,126.39112339694104,0.8734362429796495
2024-03-06,130.66706419099268,0.8735638261426615
2024-03-07,144.10503256536765,0.8734574368473034
2024-03-08,145.19146101509426,0.8709409792623516
2024-03-09,144.81714849291387,0.8698774797682727
2024-03-10,144.25771555596154,0.8698185847122407
2024-03-11,148.79327935268395,0.8619724471523813
2024-03-12,150.72986927133826,0.8619852944186314
2024-03-13,163.62579653208232,0.8653002128267628
2024-03-14,176.2229997396476,0.8639444140997071
2024-03-15,183.9242834890865,0.8645217540877833
2024-03-16,180.80173842188316,0.8607156907491538
2024-03-17,202.51891185720268,0.8678542358325494
2024-03-18,196.34529342439117,0.8682810043241821
2024-03-19,169.59755629640884,0.8799890874575929
2024-03-20,191.44187811368815,0.888354345880469
2024-03-21,179.5544644084378,0.8891415183519915
2024-03-22,173.45563634427955,0.8896677296240684
2024-03-23,173.4537726410555,0.8864773142246228
2024-03-24,184.02186416380982,0.8879842065633122
2024-03-25,188.99685465903278,0.8881305613422265
2024-03-26,191.23614507446956,0.8863700792983924
2024-03-27,186.13894375748401,0.8867920963133572
2024-03-28,189.5749906128262,0.8865452164825264
2024-03-29,192.02726585672397,0.8859282673125854
2024-03-30,194.48104356471714,0.885633258435421
2024-03-31,202.81432536234064,0.8862575814924148
2024-04-01,192.7252498952993,0.8875210225655228
2024-04-02,181.44094341124986,0.889853467322357
2024-04-03,185.51116280992997,0.8898305427447629
2024-04-04,183.82146316534414,0.8899678581003612
2024-04-05,175.16816341233152,0.8912671255003447
2024-04-06,178.95970355653492,0.8912923665187192
2024-04-07,179.58218749799138,0.8908397215226549
2024-04-08,180.64287344561157,0.8908203063242314
2024-04-09,172.5466374234224,0.8920767763429471
2024-04-10,173.12196064411097,0.8869605711650187
2024-04-11,172.69615902223114,0.8865204293227738
2024-04-12,153.7682811535538,0.8938884116183209
2024-04-13,140.18115063206616,0.8988289709703912
2024-04-14,151.54672238984352,0.9013203964985376
2024-04-15,138.41384909362205,0.9049715760938872
2024-04-16,136.41604917198546,0.9045582377757352
2024-04-17,132.5311508262506,0.9051970678220389
2024-04-18,142.1317166813474,0.9028663276307429
2024-04-19,143.2449662842533,0.9024384729639234
2024-04-20,150.5170929398806,0.9022589826813647
2024-04-21,148.74146308419816,0.9021841051880907
2024-04-22,156.9921721394195,0.9032356743877613
2024-04-23,154.69385774418163,0.903408512788824
2024-04-24,147.74509318899663,0.904662881540834
2024-04-25,144.98792922284767,0.9042302598398747
2024-04-26,139.2590067356682,0.9042858988630477
2024-04-27,141.58180881704862,0.9034453654295062
2024-04-28,137.71788471179437,0.9039086811908987
2024-04-29,137.6714796361837,0.9038560229210102
2024-04-30,127.0390830996602,0.9063571751077587
2024-05-01,134.753621251331,0.907996239674686
2024-05-02,137.9156486710101,0.9081276124872737
2024-05-03,143.5498729974885,0.9083667516231706
2024-05-04,146.11104319236458,0.9074063880412377
2024-05-05,145.68571274466362,0.9064446799859667
2024-05-06,152.65486339652605,0.9073783818676631
2024-05-07,148.18697723966497,0.9055548949982809
2024-05-08,142.5160197700434,0.9066387234179533
2024-05-09,152.72554705807713,0.9089393508798773
2024-05-10,146.3104978769931,0.9093152053161689
2024-05-11,145.3083544018294,0.909029176727688
2024-05-12,143.58731571295039,0.9091828140372833
2024-05-13,147.14466221396205,0.9093565421458684
2024-05-14,142.0844864886782,0.9102722670090284
2024-05-15,158.01312798977025,0.9160957463251195
2024-05-16,159.14533854574205,0.916026080249061
2024-05-17,169.49970700636922,0.9169774761862219
2024-05-18,172.45083937260318,0.9170128334870583
2024-05-19,170.0673475386705,0.9171832191123932
2024-05-20,186.3249227218175,0.9206367243109833
2024-05-21,178.1744919321701,0.921987342974418
2024-05-22,176.86884758403767,0.9219292595348161
2024-05-23,176.0640591935767,0.9207133669544646
2024-05-24,167.76687801061138,0.9223027259411
2024-05-25,168.3697915144665,0.9223083811674082
2024-05-26,163.35859974681,0.9218586997479064
2024-05-27,169.81442537506513,0.922343202608782
2024-05-28,168.75055773108363,0.9222513043983149
2024-05-29,168.13546936257387,0.9219458175311329
2024-05-30,167.014473333231,0.9216491759081414
2024-05-31,165.91353028162595,0.9214930229049718
2024-06-01,165.9632350083908,0.9210440500342096
2024-06-02,163.11854094832748,0.9212781078076434
2024-06-03,164.81254949676975,0.9208765939582473
2024-06-04,171.7281286123733,0.9172695598357508
2024-06-05,173.76957145050255,0.9172405755437921
2024-06-06,170.37271994953753,0.9129028824905265
2024-06-07,162.4532049787127,0.9144491703730967
2024-06-08,158.1807505205203,0.9104495822170572
2024-06-09,162.063709361357,0.9050723629694826
2024-06-10,158.8863716164394,0.9053058547832616
2024-06-11,149.30184393721757,0.9073847217359167
2024-06-12,154.85704243492725,0.9076044649420575
2024-06-13,147.23468433017004,0.90850663081176
2024-06-14,143.0214313059618,0.9091831829967377
2024-06-15,145.28190108402654,0.9086950362029217
2024-06-16,150.65560322695782,0.9090783172063854
2024-06-17,143.201979419663,0.9106423268219767
2024-06-18,137.4629937319601,0.911303304236223
2024-06-19,135.40309403154043,0.9110849155568259
2024-06-20,133.44256940911677,0.9107849424072972
2024-06-21,134.51329489326994,0.9097876619040027
2024-06-22,133.48608472760722,0.9096691730625838
2024-06-23,128.54028172949205,0.9100797239148506
2024-06-24,132.3377865818776,0.9102720993569684
2024-06-25,136.51374501335556,0.9094063200565762
2024-06-26,136.4415134350111,0.9093473707308203
2024-06-27,149.23075419544415,0.912432481039581
2024-06-28,139.72594706135848,0.9074910138070628
2024-06-29,139.86689852094338,0.9063831844683952
2024-06-30,146.42869641202853,0.9069744516597412
2024-07-01,146.34737782842973,0.906200525943204
2024-07-02,153.63922449411186,0.9070252816914397
2024-07-03,140.7242009904032,0.9115469213856351
2024-07-04,127.93484525812943,0.9165409102681581
2024-07-05,134.41985405373308,0.916578408614799
2024-07-06,143.1010931430681,0.9157568269334831
2024-07-07,131.85304400674195,0.9195598836908618
2024-07-08,139.3176879675135,0.9204203642614871
2024-07-09,141.45706675192378,0.9204247908734416
2024-07-10,141.92265716309768,0.9199505782886356
2024-07-11,136.0741315804191,0.921126173489616
2024-07-12,139.36219270413474,0.9043736861766842
2024-07-13,141.6752437311082,0.9041728679697358
2024-07-14,147.95483971650256,0.9048125672218972
2024-07-15,159.92387112565993,0.9079129897978933
2024-07-16,160.78254302928178,0.9075850371534
2024-07-17,155.40160618387858,0.9067291841613091
2024-07-18,159.01459142432648,0.9065086873184955
2024-07-19,169.216310530705,0.9072568423922996
2024-07-20,174.10164864661212,0.907529681963242
2024-07-21,184.45124996312572,0.9076533539960998
2024-07-22,178.98087466888327,0.9083566681497764
2024-07-23,173.0332556528894,0.9071693356250341
2024-07-24,178.01893576386516,0.9073438372783242
2024-07-25,171.69638408630425,0.9052556045054939
2024-07-26,183.08447393423776,0.9071952900971544
2024-07-27,184.66861277323875,0.9070330945319368
2024-07-28,184.78835915686435,0.9070250217623996
2024-07-29,182.5435212575425,0.9062298815083382
2024-07-30,179.0391933974778,0.9061758726904943
2024-07-31,171.97399127813304,0.9073480232376994
2024-08-01,167.8878366549297,0.9069892773417215
2024-08-02,152.41068415516077,0.9119444301015921
2024-08-03,143.12748726015352,0.9144210833116214
2024-08-04,137.55503532710202,0.9154226151098389
2024-08-05,129.6977057929065,0.9174291063486941
2024-08-06,143.64341390089055,0.9229814655400054
2024-08-07,145.14244971442133,0.921946323941286
2024-08-08,163.04650728359596,0.9293775956410204
2024-08-09,156.48102610362196,0.9305411765984181
2024-08-10,153.89246804945327,0.9307874315918881
2024-08-11,141.47128798826427,0.9348118164281652
2024-08-12,146.52219296049833,0.9347041614649851
2024-08-13,146.771846931375,0.934161476299046
2024-08-14,143.8673185637519,0.9327971914388729
2024-08-15,142.88162536670714,0.9315831399074351
2024-08-16,139.1231866703018,0.9302955927329631
2024-08-17,141.68880938274887,0.9301383815051676
2024-08-18,142.46608358914975,0.9299365757960096
2024-08-19,144.57380160342618,0.9298934854069885
2024-08-20,142.51583020843475,0.9295889868644944
2024-08-21,142.5238693684667,0.9288720553494428
2024-08-22,143.25427944806466,0.9276274711626725
2024-08-23,152.928737509745,0.9289296288995429
2024-08-24,160.64024093840217,0.9292283767496391
2024-08-25,158.63304408954454,0.9293432138375399
2024-08-26,157.03937393616738,0.929315594315448
2024-08-27,146.82431294389428,0.9319254837746876
2024-08-28,143.8331722816584,0.9308780528062837
2024-08-29,139.9259778169222,0.9302182242071914
2024-08-30,138.21975492529612,0.928483275639893
2024-08-31,135.29968573537374,0.9285202794186942
2024-09-01,128.79106623891246,0.9301243371664436
2024-09-02,134.98461607964123,0.9310600803746699
2024-09-03,127.58277629667671,0.9330151111529527
2024-09-04,133.56817999646105,0.933292984080844
2024-09-05,129.2737299893364,0.9333057925537547
2024-09-06,124.88794928540135,0.9341465925141396
2024-09-07,127.68773420349791,0.9340512377752961
2024-09-08,129.92115177962722,0.9340083030360936
2024-09-09,134.8794136936412,0.9320473671762383
2024-09-10,135.53520634032947,0.9313473957148437
2024-09-11,132.60279314846,0.9317547077336054
2024-09-12,136.20912396005608,0.931788906679982
2024-09-13,138.97334178109747,0.9317423280297056
2024-09-14,137.18415865102773,0.9318739963074982
2024-09-15,131.62267074556308,0.9330217572104701
2024-09-16,131.52040183855297,0.9327554676340533
2024-09-17,131.52137869559544,0.9319984519359855
2024-09-18,133.61385947184837,0.9319405677572267
2024-09-19,142.68574337456613,0.9339516946343545
2024-09-20,146.47882774731306,0.9329846106976148
2024-09-21,149.6684323230078,0.9330681081788386
2024-09-22,144.8397327948964,0.9338711389310327
2024-09-23,144.88610360985587,0.9338046525111618
2024-09-24,152.88718767415355,0.9350532478698557
2024-09-25,148.1082936254362,0.9354598271226899
2024-09-26,155.466115622881,0.9364408899725649
2024-09-27,157.79795876913818,0.9357862056157759
2024-09-28,156.9590627676465,0.9358047241701501
2024-09-29,158.623421883811,0.9346224757643156
2024-09-30,152.54403421201002,0.9291713768334033
2024-10-01,145.20896405799175,0.9303977552746023
2024-10-02,140.44843275006326,0.9312129134688197
2024-10-03,136.65393647537826,0.9315117856715445
2024-10-04,143.16476802180077,0.9321187747167691
2024-10-05,142.74066530825795,0.9318232953534092
2024-10-06,146.3485360445286,0.9319416049628736
2024-10-07,144.21265658625913,0.93213868160962
2024-10-08,143.4338504886754,0.9305729476494313
2024-10-09,139.32635039743118,0.9312062794690059
2024-10-10,138.76215517070165,0.9311744424416084
2024-10-11,145.3183432059626,0.931298135558969
2024-10-12,146.58106227732287,0.9310862817881884
2024-10-13,147.49229086781492,0.9310846111444059
2024-10-14,157.3459292988939,0.9329828519666771
2024-10-15,154.62263332245095,0.9291349380815
2024-10-16,154.2635899099486,0.9291505524097148
2024-10-17,150.27306080375143,0.9292642697822255
2024-10-18,155.0727514171131,0.927795028375343
2024-10-19,159.59268197009004,0.9248088969899717
2024-10-20,166.573580832598,0.9221186050036326
2024-10-21,166.37603410566598,0.9219832375882798
2024-10-22,167.21134937308716,0.9177871965511023
2024-10-23,171.31390405727439,0.9162467441172228
2024-10-24,177.37306125678103,0.9140756828875404
2024-10-25,164.34475959360174,0.9174952136686997
2024-10-26,170.56035339294928,0.9174043252559028
2024-10-27,176.62596685410173,0.9178387679425354
2024-10-28,178.14045831001073,0.9173133217018863
2024-10-29,179.3686111316114,0.915373924540235
2024-10-30,175.07910306095894,0.9108513871656212
2024-10-31,168.4025224117599,0.9090973907223254
2024-11-01,166.28821025376803,0.9085677201457187
2024-11-02,165.99502794396105,0.908357121759789
2024-11-03,162.66791799614072,0.9064277296592753
2024-11-04,157.6072230849172,0.90668944796087
2024-11-05,166.51143603878933,0.9080266207702404
2024-11-06,187.1685353309579,0.915617352398271
2024-11-07,196.20253922973225,0.9166295183855337
2024-11-08,199.83336694253737,0.9156892284050148
2024-11-09,200.1685708629758,0.882328973623765
2024-11-10,210.18784246643875,0.8834648848278682
2024-11-11,222.64379026281208,0.8850424661456666
2024-11-12,213.0672905358662,0.8834084789722914
2024-11-13,215.0830227659504,0.8794062502098347
2024-11-14,209.3680513303875,0.8676622665550476
2024-11-15,219.08569006216123,0.8603258010319962
2024-11-16,216.05467211977268,0.8605242295303311
2024-11-17,237.4665536612789,0.8656964325828109
2024-11-18,239.77742042710136,0.8644273778044474
2024-11-19,237.91328769126025,0.860067698080856
2024-11-20,236.04012432804112,0.8562198957753709
2024-11-21,257.2507185771503,0.8542680786644233
2024-11-22,256.24790229652683,0.8540130814356127
2024-11-23,254.69897355925355,0.8540858785891924
2024-11-24,253.63893250552624,0.8536396955423411
2024-11-25,234.5375215535424,0.857057957445686
2024-11-26,230.77914119497484,0.8559185264002327
2024-11-27,242.46678684660802,0.8556067149821065
2024-11-28,237.65273808614407,0.8558952092772081
2024-11-29,243.70089664594224,0.8561343886116891
2024-11-30,238.16347667858562,0.8565574450440898
2024-12-01,237.54718827599987,0.8546538590366124
2024-12-02,225.5283610124218,0.8563398423106875
2024-12-03,234.99258635351788,0.8567042783593593
2024-12-04,229.06669921453178,0.8570912215436803
2024-12-05,237.3008587229224,0.857491468601158
2024-12-06,237.00646868253727,0.8534522121410871
2024-12-07,238.89329739813545,0.8474094855707778
2024-12-08,237.57854563045439,0.8466753954006869
2024-12-09,217.61737842270807,0.8509318488718931
2024-12-10,213.52687206332865,0.8490648627403765
2024-12-11,227.0731413756734,0.8506770099016003
2024-12-12,227.02574746034202,0.8502259226782776
2024-12-13,224.59546331682483,0.8478252866237236
2024-12-14,219.871836259502,0.8470430042590076
2024-12-15,224.53658892974883,0.8471921395456323
2024-12-16,216.51544960024825,0.8473889841920089
2024-12-17,222.74032965988914,0.8467231505574977
2024-12-18,205.36330239790396,0.8502525038610436
2024-12-19,194.9019815694289,0.8424478444819252
2024-12-20,194.12198450453806,0.8305485625661151
2024-12-21,181.0289078386085,0.8324936250050373
2024-12-22,180.15299381882627,0.8270717473958382
2024-12-23,189.84218617656558,0.827589340274708
2024-12-24,197.50098597289022,0.8248025161017285
2024-12-25,197.3576592740719,0.8211526381658593
2024-12-26,188.14456627233477,0.82109608039901
2024-12-27,183.74866385462855,0.8201752936164979
2024-12-28,194.8276511169169,0.8213957909979132
2024-12-29,189.9284130164687,0.8207510692652036
2024-12-30,190.70066508822853,0.8207021378450047
2024-12-31,189.45168366761857,0.8170741403260259
2025-01-01,193.64679144177083,0.8168342472783864
2025-01-02,207.87862676897498,0.8161558687945677
2025-01-03,217.647289485303,0.8151242877175736
2025-01-04,216.68364826265568,0.8135508114935788
2025-01-05,213.44823541657385,0.8111909576536649
2025-01-06,218.4209767110049,0.8096370612972956
2025-01-07,202.492545725036,0.8076152959383834
2025-01-08,197.45206766283226,0.8080492261672341
2025-01-09,185.0111350868991,0.8099861625032266
2025-01-10,187.8201167474825,0.8096574195096269
2025-01-11,188.0632507646954,0.8048914862789246
2025-01-12,188.39194289058088,0.8037726517597038
2025-01-13,183.11428850097792,0.8041469434946558
2025-01-14,187.70452520232413,0.8044578333765862
2025-01-15,205.75854800567018,0.8092878580859408
2025-01-16,211.23399374041628,0.8087635593802887
2025-01-17,219.77905400813702,0.806214153167024
2025-01-18,262.5615764589647,0.8285193876465987
2025-01-19,251.97488550305266,0.8296110018909573
2025-01-20,242.47150410221352,0.8304248998292397
2025-01-21,250.3984908388754,0.8261872156423372
2025-01-22,256.1143343782641,0.8263936971374785
2025-01-23,253.49503131499628,0.8247371841697075
2025-01-24,253.62637885441316,0.8243265399347426
2025-01-25,257.0742996969564,0.8223309557298388
2025-01-26,241.06731630326192,0.8248377804932213
2025-01-27,234.97914713600687,0.8251690791325599
2025-01-28,226.88945614638288,0.8242871709028524
2025-01-29,228.6145425527223,0.8242957089236325
2025-01-30,239.04719726337646,0.8239746971621258
2025-01-31,231.50782299297455,0.824696019015937
2025-02-01,214.46366422580272,0.8279159327768052
2025-02-02,202.32492853599265,0.8295243765091022
2025-02-03,215.95147229807475,0.831595638390614
2025-02-04,207.42406393975517,0.8326885536896446
2025-02-05,196.21787573260255,0.8345805128055225
2025-02-06,189.38932513491977,0.8345656237209569
2025-02-07,192.2709679394336,0.834474620787484
2025-02-08,199.70939394589394,0.8344105242170102
2025-02-09,200.44634668796408,0.8342638843325234
2025-02-10,200.0458466193684,0.8341028223426827
2025-02-11,197.92915264031842,0.8332266816630717
2025-02-12,196.60301392852935,0.8332735393341758
2025-02-13,194.2631701900725,0.8325957147450178
2025-02-14,199.65011966060425,0.8323930676897875
2025-02-15,194.4254509858272,0.8323543422265183
2025-02-16,188.165584495931,0.8329097471955041
2025-02-17,177.91997195388805,0.8343813664006401
2025-02-18,169.10718217289786,0.8359185595631919
2025-02-19,169.26443436615673,0.8354976410966568
2025-02-20,176.02074183930708,0.8357369191171754
2025-02-21,169.00123201382314,0.8361258474571253
2025-02-22,172.21280391506767,0.8360146692876842
2025-02-23,168.09302650361454,0.835535321603304
2025-02-24,141.16593031186233,0.8511325091979867
2025-02-25,144.3563354963687,0.8492542401972685
2025-02-26,134.6628545613439,0.8518776778569773
2025-02-27,137.60648163669737,0.8479557931496362
2025-02-28,148.17466304440643,0.8485126936000515
2025-03-01,143.4002225931321,0.8485191345602996
2025-03-02,178.17413183106032,0.8821432905270284
2025-03-03,142.5141267061424,0.9049858298836175
2025-03-04,145.06190940041165,0.9048736689381801
2025-03-05,146.1815871653316,0.9033130347369469
2025-03-06,143.45134750836067,0.90295483445279
2025-03-07,139.1826626278542,0.8977324561706592
2025-03-08,136.88210638232243,0.8978792187093283
2025-03-09,126.63426805755283,0.9010668587599704
2025-03-10,118.78644366084116,0.9032352220470646
2025-03-11,125.4287680235315,0.9044048998886489
2025-03-12,126.56536487567297,0.9043592996303919
2025-03-13,123.23770752728635,0.9007363541531805
2025-03-14,133.5545345544276,0.9013353950876268
2025-03-15,135.83808085318316,0.9004442686337102
2025-03-16,126.16514527624146,0.9031150635283935
2025-03-17,128.27980954134415,0.8952244530174788
2025-03-18,125.34406014353017,0.8949985918812389
2025-03-19,135.62276169425357,0.8883059487673609
2025-03-20,127.67626424914864,0.8808915481768337
2025-03-21,128.23973822410704,0.8787027841663457
2025-03-22,128.39187391771924,0.8780380730965488
2025-03-23,132.10106868785385,0.8785058949708369
2025-03-24,140.57936877383233,0.878736994712628
2025-03-25,143.93305133739045,0.8786458025106445
2025-03-26,137.09334253160864,0.8798682997154662
2025-03-27,138.37897933357002,0.8795057942030086
2025-03-28,129.44621681849003,0.881696008111927
2025-03-29,124.50189658068513,0.8824266709610525
2025-03-30,124.5806499329744,0.8823320923691121
2025-03-31,124.86617842858315,0.8812810610300698
2025-04-01,126.80693682115113,0.880023516619823
2025-04-02,118.08550586157003,0.8807637452668542
